LoadTest-77,77,3
LoadTest-78,78,3
LoadTest-79,79,3
LoadTest-80,80,3
LoadTest-81,81,3
LoadTest-82,82,3
LoadTest-83,83,3
LoadTest-84,84,3
LoadTest-85,85,3
LoadTest-86,86,3
LoadTest-87,87,3
LoadTest-88,88,3
LoadTest-89,89,3
LoadTest-90,90,3
LoadTest-91,91,3
LoadTest-92,92,3
LoadTest-93,93,3
LoadTest-94,94,3
LoadTest-95,95,3
LoadTest-96,96,3
LoadTest-97,97,3
LoadTest-98,98,3
LoadTest-99,99,3
LoadTest-100,100,3
LoadTest-101,101,3
LoadTest-102,102,3
LoadTest-103,103,3
LoadTest-104,104,3
LoadTest-105,105,3
LoadTest-106,106,3
LoadTest-107,107,3
LoadTest-108,108,3
LoadTest-109,109,3
LoadTest-110,110,3
LoadTest-111,111,3
LoadTest-112,112,3
LoadTest-113,113,3
LoadTest-114,114,3
LoadTest-115,115,3
LoadTest-116,116,3
LoadTest-117,117,3
LoadTest-118,118,3
LoadTest-119,119,3
LoadTest-120,120,3
LoadTest-121,121,3
LoadTest-122,122,3
LoadTest-123,123,3
LoadTest-124,124,3
LoadTest-125,125,3
LoadTest-126,126,3
LoadTest-127,127,3
LoadTest-128,128,3
LoadTest-129,129,3
LoadTest-130,130,3
LoadTest-131,131,3
LoadTest-132,132,3
LoadTest-133,133,3
LoadTest-134,134,3
LoadTest-135,135,3
LoadTest-136,136,3
LoadTest-137,137,3
LoadTest-138,138,3
LoadTest-139,139,3
LoadTest-140,140,3
LoadTest-141,141,3
LoadTest-142,142,3
LoadTest-143,143,3
LoadTest-144,144,3
LoadTest-145,145,3
LoadTest-146,146,3
LoadTest-147,147,3
LoadTest-148,148,3
LoadTest-149,149,3
LoadTest-150,150,3
LoadTest-151,151,3
LoadTest-152,152,3
LoadTest-153,153,3
LoadTest-154,154,3
LoadTest-155,155,3
LoadTest-156,156,3
LoadTest-157,157,3
LoadTest-158,158,3
LoadTest-159,159,3
LoadTest-160,160,3
LoadTest-161,161,3
LoadTest-162,162,3
LoadTest-163,163,3
LoadTest-164,164,3
LoadTest-165,165,3
LoadTest-166,166,3
LoadTest-167,167,3
LoadTest-168,168,3
LoadTest-169,169,3
LoadTest-170,170,3
LoadTest-171,171,3
LoadTest-172,172,3
LoadTest-173,173,3
LoadTest-174,174,3
LoadTest-175,175,3
LoadTest-176,176,3
LoadTest-177,177,3
LoadTest-178,178,3
LoadTest-179,179,3
LoadTest-180,180,3
LoadTest-181,181,3
LoadTest-182,182,3
LoadTest-183,183,3
LoadTest-184,184,3
LoadTest-185,185,3
LoadTest-186,186,3
LoadTest-187,187,3
LoadTest-188,188,3
LoadTest-189,189,3
LoadTest-190,190,3
LoadTest-191,191,3
LoadTest-192,192,3
LoadTest-193,193,3
LoadTest-194,194,3
LoadTest-195,195,3
LoadTest-196,196,3
LoadTest-197,197,3
LoadTest-198,198,3
LoadTest-199,199,3
LoadTest-200,200,3
LoadTest-201,201,3
LoadTest-202,202,3
LoadTest-203,203,3
LoadTest-204,204,3
LoadTest-205,205,3
LoadTest-206,206,3
LoadTest-207,207,3
LoadTest-208,208,3
LoadTest-209,209,3
LoadTest-210,210,3
LoadTest-211,211,3
LoadTest-212,212,3
LoadTest-213,213,3
LoadTest-214,214,3
LoadTest-215,215,3
LoadTest-216,216,3
LoadTest-217,217,3
LoadTest-218,218,3
LoadTest-219,219,3
LoadTest-220,220,3
LoadTest-221,221,3
LoadTest-222,222,3
LoadTest-223,223,3
LoadTest-224,224,3
LoadTest-225,225,3
LoadTest-226,226,3
LoadTest-227,227,3
LoadTest-228,228,3
LoadTest-229,229,3
LoadTest-230,230,3
LoadTest-231,231,3
LoadTest-232,232,3
LoadTest-233,233,3
LoadTest-234,234,3
LoadTest-235,235,3
LoadTest-236,236,3
LoadTest-237,237,3
LoadTest-238,238,3
LoadTest-239,239,3
LoadTest-240,240,3
LoadTest-241,241,3
LoadTest-242,242,3
LoadTest-243,243,3
LoadTest-244,244,3
LoadTest-245,245,3
LoadTest-246,246,3
LoadTest-247,247,3
LoadTest-248,248,3
LoadTest-249,249,3
LoadTest-250,250,3
LoadTest-251,251,3
LoadTest-252,252,3
LoadTest-253,253,3
LoadTest-254,254,3
LoadTest-255,255,3
LoadTest-256,256,3
LoadTest-257,257,3
LoadTest-258,258,3
LoadTest-259,259,3
LoadTest-260,260,3
LoadTest-261,261,3
LoadTest-262,262,3
LoadTest-263,263,3
LoadTest-264,264,3
LoadTest-265,265,3
LoadTest-266,266,3
LoadTest-267,267,3
LoadTest-268,268,3
LoadTest-269,269,3
LoadTest-270,270,3
LoadTest-271,271,3
LoadTest-272,272,3
LoadTest-273,273,3
LoadTest-274,274,3
LoadTest-275,275,3
LoadTest-276,276,3
LoadTest-277,277,3
LoadTest-278,278,3
LoadTest-279,279,3
LoadTest-280,280,3
LoadTest-281,281,3
LoadTest-282,282,3
LoadTest-283,283,3
LoadTest-284,284,3
LoadTest-285,285,3
LoadTest-286,286,3
LoadTest-287,287,3
LoadTest-288,288,3
LoadTest-289,289,3
LoadTest-290,290,3
LoadTest-291,291,3
LoadTest-292,292,3
LoadTest-293,293,3
LoadTest-294,294,3
LoadTest-295,295,3
LoadTest-296,296,3
LoadTest-297,297,3
LoadTest-298,298,3
LoadTest-299,299,3
LoadTest-300,300,3
LoadTest-301,301,3
LoadTest-302,302,3
LoadTest-303,303,3
LoadTest-304,304,3
LoadTest-305,305,3
LoadTest-306,306,3
LoadTest-307,307,3
LoadTest-308,308,3
LoadTest-309,309,3
LoadTest-310,310,3
LoadTest-311,311,3
LoadTest-312,312,3
LoadTest-313,313,3
LoadTest-314,314,3
LoadTest-315,315,3
LoadTest-316,316,3
LoadTest-317,317,3
LoadTest-318,318,3
LoadTest-319,319,3
LoadTest-320,320,3
LoadTest-321,321,3
LoadTest-322,322,3
LoadTest-323,323,3
LoadTest-324,324,3
LoadTest-325,325,3
LoadTest-326,326,3
LoadTest-327,327,3
LoadTest-328,328,3
LoadTest-329,329,3
LoadTest-330,330,3
LoadTest-331,331,3
LoadTest-332,332,3
LoadTest-333,333,3
LoadTest-334,334,3
LoadTest-335,335,3
LoadTest-336,336,3
LoadTest-337,337,3
LoadTest-338,338,3
LoadTest-339,339,3
LoadTest-340,340,3
LoadTest-341,341,3
LoadTest-342,342,3
LoadTest-343,343,3
LoadTest-344,344,3
LoadTest-345,345,3
LoadTest-346,346,3
LoadTest-347,347,3
LoadTest-348,348,3
LoadTest-349,349,3
LoadTest-350,350,3
LoadTest-351,351,3
LoadTest-352,352,3
LoadTest-353,353,3
LoadTest-354,354,3
LoadTest-355,355,3
LoadTest-356,356,3
LoadTest-357,357,3
LoadTest-358,358,3
LoadTest-359,359,3
LoadTest-360,360,3
LoadTest-361,361,3
LoadTest-362,362,3
LoadTest-363,363,3
LoadTest-364,364,3
LoadTest-365,365,3
LoadTest-366,366,3
LoadTest-367,367,3
LoadTest-368,368,3
LoadTest-369,369,3
LoadTest-370,370,3
LoadTest-371,371,3
LoadTest-372,372,3
LoadTest-373,373,3
LoadTest-374,374,3
LoadTest-375,375,3
LoadTest-376,376,3
LoadTest-377,377,3
LoadTest-378,378,3
LoadTest-379,379,3
LoadTest-380,380,3
LoadTest-381,381,3
LoadTest-382,382,3
LoadTest-383,383,3
LoadTest-384,384,3
LoadTest-385,385,3
LoadTest-386,386,3
LoadTest-387,387,3
LoadTest-388,388,3
LoadTest-389,389,3
LoadTest-390,390,3
LoadTest-391,391,3
LoadTest-392,392,3
LoadTest-393,393,3
LoadTest-394,394,3
LoadTest-395,395,3
LoadTest-396,396,3
LoadTest-397,397,3
LoadTest-398,398,3
LoadTest-399,399,3
LoadTest-400,400,3
LoadTest-401,401,3
LoadTest-402,402,3
LoadTest-403,403,3
LoadTest-404,404,3
LoadTest-405,405,3
LoadTest-406,406,3
LoadTest-407,407,3
LoadTest-408,408,3
LoadTest-409,409,3
LoadTest-410,410,3
LoadTest-411,411,3
LoadTest-412,412,3
LoadTest-413,413,3
LoadTest-414,414,3
LoadTest-415,415,3
LoadTest-416,416,3
LoadTest-417,417,3
LoadTest-418,418,3
LoadTest-419,419,3
LoadTest-420,420,3
LoadTest-421,421,3
LoadTest-422,422,3
LoadTest-423,423,3
LoadTest-424,424,3
LoadTest-425,425,3
LoadTest-426,426,3
LoadTest-427,427,3
LoadTest-428,428,3
LoadTest-429,429,3
LoadTest-430,430,3
LoadTest-431,431,3
LoadTest-432,432,3
LoadTest-433,433,3
LoadTest-434,434,3
LoadTest-435,435,3
LoadTest-436,436,3
LoadTest-437,437,3
LoadTest-438,438,3
LoadTest-439,439,3
LoadTest-440,440,3
LoadTest-441,441,3
LoadTest-442,442,3
LoadTest-443,443,3
LoadTest-444,444,3
LoadTest-445,445,3
LoadTest-446,446,3
LoadTest-447,447,3
LoadTest-448,448,3
LoadTest-449,449,3
LoadTest-450,450,3
LoadTest-451,451,3
LoadTest-452,452,3
LoadTest-453,453,3
LoadTest-454,454,3
LoadTest-455,455,3
LoadTest-456,456,3
LoadTest-457,457,3
LoadTest-458,458,3
LoadTest-459,459,3
LoadTest-460,460,3
LoadTest-461,461,3
LoadTest-462,462,3
LoadTest-463,463,3
LoadTest-464,464,3
LoadTest-465,465,3
LoadTest-466,466,3
LoadTest-467,467,3
LoadTest-468,468,3
LoadTest-469,469,3
LoadTest-470,470,3
LoadTest-471,471,3
LoadTest-472,472,3
LoadTest-473,473,3
LoadTest-474,474,3
LoadTest-475,475,3
LoadTest-476,476,3
LoadTest-477,477,3
LoadTest-478,478,3
LoadTest-479,479,3
LoadTest-480,480,3
LoadTest-481,481,3
LoadTest-482,482,3
LoadTest-483,483,3
LoadTest-484,484,3
LoadTest-485,485,3
LoadTest-486,486,3
LoadTest-487,487,3
LoadTest-488,488,3
LoadTest-489,489,3
LoadTest-490,490,3
LoadTest-491,491,3
LoadTest-492,492,3
LoadTest-493,493,3
LoadTest-494,494,3
LoadTest-495,495,3
LoadTest-496,496,3
LoadTest-497,497,3
LoadTest-498,498,3
LoadTest-499,499,3
LoadTest-500,500,3
LoadTest-501,501,3
LoadTest-502,502,3
LoadTest-503,503,3
LoadTest-504,504,3
LoadTest-505,505,3
LoadTest-506,506,3
LoadTest-507,507,3
LoadTest-508,508,3
LoadTest-509,509,3
LoadTest-510,510,3
LoadTest-511,511,3
LoadTest-512,512,3
LoadTest-513,513,3
LoadTest-514,514,3
LoadTest-515,515,3
LoadTest-516,516,3
LoadTest-517,517,3
LoadTest-518,518,3
LoadTest-519,519,3
LoadTest-520,520,3
LoadTest-521,521,3
LoadTest-522,522,3
LoadTest-523,523,3
LoadTest-524,524,3
LoadTest-525,525,3
LoadTest-526,526,3
LoadTest-527,527,3
LoadTest-528,528,3
LoadTest-529,529,3
LoadTest-530,530,3
LoadTest-531,531,3
LoadTest-532,532,3
LoadTest-533,533,3
LoadTest-534,534,3
LoadTest-535,535,3
LoadTest-536,536,3
LoadTest-537,537,3
LoadTest-538,538,3
LoadTest-539,539,3
LoadTest-540,540,3
LoadTest-541,541,3
LoadTest-542,542,3
LoadTest-543,543,3
LoadTest-544,544,3
LoadTest-545,545,3
LoadTest-546,546,3
LoadTest-547,547,3
LoadTest-548,548,3
LoadTest-549,549,3
LoadTest-550,550,3
LoadTest-551,551,3
LoadTest-552,552,3
LoadTest-553,553,3
LoadTest-554,554,3
LoadTest-555,555,3
LoadTest-556,556,3
LoadTest-557,557,3
LoadTest-558,558,3
LoadTest-559,559,3
LoadTest-560,560,3
LoadTest-561,561,3
LoadTest-562,562,3
LoadTest-563,563,3
LoadTest-564,564,3
LoadTest-565,565,3
LoadTest-566,566,3
LoadTest-567,567,3
LoadTest-568,568,3
LoadTest-569,569,3
LoadTest-570,570,3
LoadTest-571,571,3
LoadTest-572,572,3
LoadTest-573,573,3
LoadTest-574,574,3
LoadTest-575,575,3
LoadTest-576,576,3
LoadTest-577,577,3
LoadTest-578,578,3
LoadTest-579,579,3
LoadTest-580,580,3
LoadTest-581,581,3
LoadTest-582,582,3
LoadTest-583,583,3
LoadTest-584,584,3
LoadTest-585,585,3
LoadTest-586,586,3
LoadTest-587,587,3
LoadTest-588,588,3
LoadTest-589,589,3
LoadTest-590,590,3
LoadTest-591,591,3
LoadTest-592,592,3
LoadTest-593,593,3
LoadTest-594,594,3
LoadTest-595,595,3
LoadTest-596,596,3
LoadTest-597,597,3
LoadTest-598,598,3
LoadTest-599,599,3
LoadTest-600,600,3
LoadTest-601,601,3
LoadTest-602,602,3
LoadTest-603,603,3
LoadTest-604,604,3
LoadTest-605,605,3
LoadTest-606,606,3
LoadTest-607,607,3
LoadTest-608,608,3
LoadTest-609,609,3
LoadTest-610,610,3
LoadTest-611,611,3
LoadTest-612,612,3
LoadTest-613,613,3
LoadTest-614,614,3
LoadTest-615,615,3
LoadTest-616,616,3
LoadTest-617,617,3
LoadTest-618,618,3
LoadTest-619,619,3
LoadTest-620,620,3
LoadTest-621,621,3
LoadTest-622,622,3
LoadTest-623,623,3
LoadTest-624,624,3
LoadTest-625,625,3
LoadTest-626,626,3
LoadTest-627,627,3
LoadTest-628,628,3
LoadTest-629,629,3
LoadTest-630,630,3
LoadTest-631,631,3
LoadTest-632,632,3
LoadTest-633,633,3
LoadTest-634,634,3
LoadTest-635,635,3
LoadTest-636,636,3
LoadTest-637,637,3
LoadTest-638,638,3
LoadTest-639,639,3
LoadTest-640,640,3
LoadTest-641,641,3
LoadTest-642,642,3
LoadTest-643,643,3
LoadTest-644,644,3
LoadTest-645,645,3
LoadTest-646,646,3
LoadTest-647,647,3
LoadTest-648,648,3
LoadTest-649,649,3
LoadTest-650,650,3
LoadTest-651,651,3
LoadTest-652,652,3
LoadTest-653,653,3
LoadTest-654,654,3
LoadTest-655,655,3
LoadTest-656,656,3
LoadTest-657,657,3
LoadTest-658,658,3
LoadTest-659,659,3
LoadTest-660,660,3
LoadTest-661,661,3
LoadTest-662,662,3
LoadTest-663,663,3
LoadTest-664,664,3
LoadTest-665,665,3
LoadTest-666,666,3
LoadTest-667,667,3
LoadTest-668,668,3
LoadTest-669,669,3
LoadTest-670,670,3
LoadTest-671,671,3
LoadTest-672,672,3
LoadTest-673,673,3
LoadTest-674,674,3
LoadTest-675,675,3
LoadTest-676,676,3
LoadTest-677,677,3
LoadTest-678,678,3
LoadTest-679,679,3
LoadTest-680,680,3
LoadTest-681,681,3
LoadTest-682,682,3
LoadTest-683,683,3
LoadTest-684,684,3
LoadTest-685,685,3
LoadTest-686,686,3
LoadTest-687,687,3
LoadTest-688,688,3
LoadTest-689,689,3
LoadTest-690,690,3
LoadTest-691,691,3
LoadTest-692,692,3
LoadTest-693,693,3
LoadTest-694,694,3
LoadTest-695,695,3
LoadTest-696,696,3
LoadTest-697,697,3
LoadTest-698,698,3
LoadTest-699,699,3
LoadTest-700,700,3
LoadTest-701,701,3
LoadTest-702,702,3
LoadTest-703,703,3
LoadTest-704,704,3
LoadTest-705,705,3
LoadTest-706,706,3
LoadTest-707,707,3
LoadTest-708,708,3
LoadTest-709,709,3
LoadTest-710,710,3
LoadTest-711,711,3
LoadTest-712,712,3
LoadTest-713,713,3
LoadTest-714,714,3
LoadTest-715,715,3
LoadTest-716,716,3
LoadTest-717,717,3
LoadTest-718,718,3
LoadTest-719,719,3
LoadTest-720,720,3
LoadTest-721,721,3
LoadTest-722,722,3
LoadTest-723,723,3
LoadTest-724,724,3
LoadTest-725,725,3
LoadTest-726,726,3
LoadTest-727,727,3
LoadTest-728,728,3
LoadTest-729,729,3
LoadTest-730,730,3
LoadTest-731,731,3
LoadTest-732,732,3
LoadTest-733,733,3
LoadTest-734,734,3
LoadTest-735,735,3
LoadTest-736,736,3
LoadTest-737,737,3
LoadTest-738,738,3
LoadTest-739,739,3
LoadTest-740,740,3
LoadTest-741,741,3
LoadTest-742,742,3
LoadTest-743,743,3
LoadTest-744,744,3
LoadTest-745,745,3
LoadTest-746,746,3
LoadTest-747,747,3
LoadTest-748,748,3
LoadTest-749,749,3
LoadTest-750,750,3
LoadTest-751,751,3
LoadTest-752,752,3
LoadTest-753,753,3
LoadTest-754,754,3
LoadTest-755,755,3
LoadTest-756,756,3
LoadTest-757,757,3
LoadTest-758,758,3
LoadTest-759,759,3
LoadTest-760,760,3
LoadTest-761,761,3
LoadTest-762,762,3
LoadTest-763,763,3
LoadTest-764,764,3
LoadTest-765,765,3
LoadTest-766,766,3
LoadTest-767,767,3
LoadTest-768,768,3
LoadTest-769,769,3
LoadTest-770,770,3
LoadTest-771,771,3
LoadTest-772,772,3
LoadTest-773,773,3
LoadTest-774,774,3
LoadTest-775,775,3
LoadTest-776,776,3
LoadTest-777,777,3
LoadTest-778,778,3
LoadTest-779,779,3
LoadTest-780,780,3
LoadTest-781,781,3
LoadTest-782,782,3
LoadTest-783,783,3
LoadTest-784,784,3
LoadTest-785,785,3
LoadTest-786,786,3
LoadTest-787,787,3
LoadTest-788,788,3
LoadTest-789,789,3
LoadTest-790,790,3
LoadTest-791,791,3
LoadTest-792,792,3
LoadTest-793,793,3
LoadTest-794,794,3
LoadTest-795,795,3
LoadTest-796,796,3
LoadTest-797,797,3
LoadTest-798,798,3
LoadTest-799,799,3
LoadTest-800,800,3
LoadTest-801,801,3
LoadTest-802,802,3
LoadTest-803,803,3
LoadTest-804,804,3
LoadTest-805,805,3
LoadTest-806,806,3
LoadTest-807,807,3
LoadTest-808,808,3
LoadTest-809,809,3
LoadTest-810,810,3
LoadTest-811,811,3
LoadTest-812,812,3
LoadTest-813,813,3
LoadTest-814,814,3
LoadTest-815,815,3
LoadTest-816,816,3
LoadTest-817,817,3
LoadTest-818,818,3
LoadTest-819,819,3
LoadTest-820,820,3
LoadTest-821,821,3
LoadTest-822,822,3
LoadTest-823,823,3
LoadTest-824,824,3
LoadTest-825,825,3
LoadTest-826,826,3
LoadTest-827,827,3
LoadTest-828,828,3
LoadTest-829,829,3
LoadTest-830,830,3
LoadTest-831,831,3
LoadTest-832,832,3
LoadTest-833,833,3
LoadTest-834,834,3
LoadTest-835,835,3
LoadTest-836,836,3
LoadTest-837,837,3
LoadTest-838,838,3
LoadTest-839,839,3
LoadTest-840,840,3
LoadTest-841,841,3
LoadTest-842,842,3
LoadTest-843,843,3
LoadTest-844,844,3
LoadTest-845,845,3
LoadTest-846,846,3
LoadTest-847,847,3
LoadTest-848,848,3
LoadTest-849,849,3
LoadTest-850,850,3
LoadTest-851,851,3
LoadTest-852,852,3
LoadTest-853,853,3
LoadTest-854,854,3
LoadTest-855,855,3
LoadTest-856,856,3
LoadTest-857,857,3
LoadTest-858,858,3
LoadTest-859,859,3
LoadTest-860,860,3
LoadTest-861,861,3
LoadTest-862,862,3
LoadTest-863,863,3
LoadTest-864,864,3
LoadTest-865,865,3
LoadTest-866,866,3
LoadTest-867,867,3
LoadTest-868,868,3
LoadTest-869,869,3
LoadTest-870,870,3
LoadTest-871,871,3
LoadTest-872,872,3
LoadTest-873,873,3
LoadTest-874,874,3
LoadTest-875,875,3
LoadTest-876,876,3
LoadTest-877,877,3
LoadTest-878,878,3
LoadTest-879,879,3
LoadTest-880,880,3
LoadTest-881,881,3
LoadTest-882,882,3
LoadTest-883,883,3
LoadTest-884,884,3
LoadTest-885,885,3
LoadTest-886,886,3
LoadTest-887,887,3
LoadTest-888,888,3
LoadTest-889,889,3
LoadTest-890,890,3
LoadTest-891,891,3
LoadTest-892,892,3
LoadTest-893,893,3
LoadTest-894,894,3
LoadTest-895,895,3
LoadTest-896,896,3
LoadTest-897,897,3
LoadTest-898,898,3
LoadTest-899,899,3
LoadTest-900,900,3
LoadTest-901,901,3
LoadTest-902,902,3
LoadTest-903,903,3
LoadTest-904,904,3
LoadTest-905,905,3
LoadTest-906,906,3
LoadTest-907,907,3
LoadTest-908,908,3
LoadTest-909,909,3
LoadTest-910,910,3
LoadTest-911,911,3
LoadTest-912,912,3
LoadTest-913,913,3
LoadTest-914,914,3
LoadTest-915,915,3
LoadTest-916,916,3
LoadTest-917,917,3
LoadTest-918,918,3
LoadTest-919,919,3
LoadTest-920,920,3
LoadTest-921,921,3
LoadTest-922,922,3
LoadTest-923,923,3
LoadTest-924,924,3
LoadTest-925,925,3
LoadTest-926,926,3
LoadTest-927,927,3
LoadTest-928,928,3
LoadTest-929,929,3
LoadTest-930,930,3
LoadTest-931,931,3
LoadTest-932,932,3
LoadTest-933,933,3
LoadTest-934,934,3
LoadTest-935,935,3
LoadTest-936,936,3
LoadTest-937,937,3
LoadTest-938,938,3
LoadTest-939,939,3
LoadTest-940,940,3
LoadTest-941,941,3
LoadTest-942,942,3
LoadTest-943,943,3
LoadTest-944,944,3
LoadTest-945,945,3
LoadTest-946,946,3
LoadTest-947,947,3
LoadTest-948,948,3
LoadTest-949,949,3
LoadTest-950,950,3
LoadTest-951,951,3
LoadTest-952,952,3
LoadTest-953,953,3
LoadTest-954,954,3
LoadTest-955,955,3
LoadTest-956,956,3
LoadTest-957,957,3
LoadTest-958,958,3
LoadTest-959,959,3
LoadTest-960,960,3
LoadTest-961,961,3
LoadTest-962,962,3
LoadTest-963,963,3
LoadTest-964,964,3
LoadTest-965,965,3
LoadTest-966,966,3
LoadTest-967,967,3
LoadTest-968,968,3
LoadTest-969,969,3
LoadTest-970,970,3
LoadTest-971,971,3
LoadTest-972,972,3
LoadTest-973,973,3
LoadTest-974,974,3
LoadTest-975,975,3
LoadTest-976,976,3
LoadTest-977,977,3
LoadTest-978,978,3
LoadTest-979,979,3
LoadTest-980,980,3
LoadTest-981,981,3
LoadTest-982,982,3
LoadTest-983,983,3
LoadTest-984,984,3
LoadTest-985,985,3
LoadTest-986,986,3
LoadTest-987,987,3
LoadTest-988,988,3
LoadTest-989,989,3
LoadTest-990,990,3
LoadTest-991,991,3
LoadTest-992,992,3
LoadTest-993,993,3
LoadTest-994,994,3
LoadTest-995,995,3
LoadTest-996,996,3
LoadTest-997,997,3
LoadTest-998,998,3
LoadTest-999,999,3
LoadTest-1000,1000,3
LoadTest-1001,1001,3
LoadTest-1002,1002,3
LoadTest-1003,1003,3
LoadTest-1004,1004,3
LoadTest-1005,1005,3
LoadTest-1006,1006,3
LoadTest-1007,1007,3
LoadTest-1008,1008,3
LoadTest-1009,1009,3
LoadTest-1010,1010,3
LoadTest-1011,1011,3
LoadTest-1012,1012,3
LoadTest-1013,1013,3
LoadTest-1014,1014,3
LoadTest-1015,1015,3
LoadTest-1016,1016,3
LoadTest-1017,1017,3
LoadTest-1018,1018,3
LoadTest-1019,1019,3
LoadTest-1020,1020,3
LoadTest-1021,1021,3
LoadTest-1022,1022,3
LoadTest-1023,1023,3
LoadTest-1024,1024,3
LoadTest-1025,1025,3
LoadTest-1026,1026,3
LoadTest-1027,1027,3
LoadTest-1028,1028,3
LoadTest-1029,1029,3
LoadTest-1030,1030,3
LoadTest-1031,1031,3
LoadTest-1032,1032,3
LoadTest-1033,1033,3
LoadTest-1034,1034,3
LoadTest-1035,1035,3
LoadTest-1036,1036,3
LoadTest-1037,1037,3
LoadTest-1038,1038,3
LoadTest-1039,1039,3
LoadTest-1040,1040,3
LoadTest-1041,1041,3
LoadTest-1042,1042,3
LoadTest-1043,1043,3
LoadTest-1044,1044,3
LoadTest-1045,1045,3
LoadTest-1046,1046,3
LoadTest-1047,1047,3
LoadTest-1048,1048,3
LoadTest-1049,1049,3
LoadTest-1050,1050,3
LoadTest-1051,1051,3
LoadTest-1052,1052,3
LoadTest-1053,1053,3
LoadTest-1054,1054,3
LoadTest-1055,1055,3
LoadTest-1056,1056,3
LoadTest-1057,1057,3
LoadTest-1058,1058,3
LoadTest-1059,1059,3
LoadTest-1060,1060,3
LoadTest-1061,1061,3
LoadTest-1062,1062,3
LoadTest-1063,1063,3
LoadTest-1064,1064,3
LoadTest-1065,1065,3
LoadTest-1066,1066,3
LoadTest-1067,1067,3
LoadTest-1068,1068,3
LoadTest-1069,1069,3
LoadTest-1070,1070,3
LoadTest-1071,1071,3
LoadTest-1072,1072,3
LoadTest-1073,1073,3
LoadTest-1074,1074,3
LoadTest-1075,1075,3
LoadTest-1076,1076,3
LoadTest-1077,1077,3
LoadTest-1078,1078,3
LoadTest-1079,1079,3
LoadTest-1080,1080,3
LoadTest-1081,1081,3
LoadTest-1082,1082,3
LoadTest-1083,1083,3
LoadTest-1084,1084,3
LoadTest-1085,1085,3
LoadTest-1086,1086,3
LoadTest-1087,1087,3
LoadTest-1088,1088,3
LoadTest-1089,1089,3
LoadTest-1090,1090,3
LoadTest-1091,1091,3
LoadTest-1092,1092,3
LoadTest-1093,1093,3
LoadTest-1094,1094,3
LoadTest-1095,1095,3
LoadTest-1096,1096,3
LoadTest-1097,1097,3
LoadTest-1098,1098,3
LoadTest-1099,1099,3
LoadTest-1100,1100,3
LoadTest-1101,1101,3
LoadTest-1102,1102,3
LoadTest-1103,1103,3
LoadTest-1104,1104,3
LoadTest-1105,1105,3
LoadTest-1106,1106,3
LoadTest-1107,1107,3
LoadTest-1108,1108,3
LoadTest-1109,1109,3
LoadTest-1110,1110,3
LoadTest-1111,1111,3
LoadTest-1112,1112,3
LoadTest-1113,1113,3
LoadTest-1114,1114,3
LoadTest-1115,1115,3
LoadTest-1116,1116,3
LoadTest-1117,1117,3
LoadTest-1118,1118,3
LoadTest-1119,1119,3
LoadTest-1120,1120,3
LoadTest-1121,1121,3
LoadTest-1122,1122,3
LoadTest-1123,1123,3
LoadTest-1124,1124,3
LoadTest-1125,1125,3
LoadTest-1126,1126,3
LoadTest-1127,1127,3
LoadTest-1128,1128,3
LoadTest-1129,1129,3
LoadTest-1130,1130,3
LoadTest-1131,1131,3
LoadTest-1132,1132,3
LoadTest-1133,1133,3
LoadTest-1134,1134,3
LoadTest-1135,1135,3
LoadTest-1136,1136,3
LoadTest-1137,1137,3
LoadTest-1138,1138,3
LoadTest-1139,1139,3
LoadTest-1140,1140,3
LoadTest-1141,1141,3
LoadTest-1142,1142,3
LoadTest-1143,1143,3
LoadTest-1144,1144,3
LoadTest-1145,1145,3
LoadTest-1146,1146,3
LoadTest-1147,1147,3
LoadTest-1148,1148,3
LoadTest-1149,1149,3
LoadTest-1150,1150,3
LoadTest-1151,1151,3
LoadTest-1152,1152,3
LoadTest-1153,1153,3
LoadTest-1154,1154,3
LoadTest-1155,1155,3
LoadTest-1156,1156,3
LoadTest-1157,1157,3
LoadTest-1158,1158,3
LoadTest-1159,1159,3
LoadTest-1160,1160,3
LoadTest-1161,1161,3
LoadTest-1162,1162,3
LoadTest-1163,1163,3
LoadTest-1164,1164,3
LoadTest-1165,1165,3
LoadTest-1166,1166,3
LoadTest-1167,1167,3
LoadTest-1168,1168,3
LoadTest-1169,1169,3
LoadTest-1170,1170,3
LoadTest-1171,1171,3
LoadTest-1172,1172,3
LoadTest-1173,1173,3
LoadTest-1174,1174,3
LoadTest-1175,1175,3
LoadTest-1176,1176,3
LoadTest-1177,1177,3
LoadTest-1178,1178,3
LoadTest-1179,1179,3
LoadTest-1180,1180,3
LoadTest-1181,1181,3
LoadTest-1182,1182,3
LoadTest-1183,1183,3
LoadTest-1184,1184,3
LoadTest-1185,1185,3
LoadTest-1186,1186,3
LoadTest-1187,1187,3
LoadTest-1188,1188,3
LoadTest-1189,1189,3
LoadTest-1190,1190,3
LoadTest-1191,1191,3
LoadTest-1192,1192,3
LoadTest-1193,1193,3
LoadTest-1194,1194,3
LoadTest-1195,1195,3
LoadTest-1196,1196,3
LoadTest-1197,1197,3
LoadTest-1198,1198,3
LoadTest-1199,1199,3
LoadTest-1200,1200,3
LoadTest-1201,1201,3
LoadTest-1202,1202,3
LoadTest-1203,1203,3
LoadTest-1204,1204,3
LoadTest-1205,1205,3
LoadTest-1206,1206,3
LoadTest-1207,1207,3
LoadTest-1208,1208,3
LoadTest-1209,1209,3
LoadTest-1210,1210,3
LoadTest-1211,1211,3
LoadTest-1212,1212,3
LoadTest-1213,1213,3
LoadTest-1214,1214,3
LoadTest-1215,1215,3
LoadTest-1216,1216,3
LoadTest-1217,1217,3
LoadTest-1218,1218,3
LoadTest-1219,1219,3
LoadTest-1220,1220,3
LoadTest-1221,1221,3
LoadTest-1222,1222,3
LoadTest-1223,1223,3
LoadTest-1224,1224,3
LoadTest-1225,1225,3
LoadTest-1226,1226,3
LoadTest-1227,1227,3
LoadTest-1228,1228,3
LoadTest-1229,1229,3
LoadTest-1230,1230,3
LoadTest-1231,1231,3
LoadTest-1232,1232,3
LoadTest-1233,1233,3
LoadTest-1234,1234,3
LoadTest-1235,1235,3
LoadTest-1236,1236,3
LoadTest-1237,1237,3
LoadTest-1238,1238,3
LoadTest-1239,1239,3
LoadTest-1240,1240,3
LoadTest-1241,1241,3
LoadTest-1242,1242,3
LoadTest-1243,1243,3
LoadTest-1244,1244,3
LoadTest-1245,1245,3
LoadTest-1246,1246,3
LoadTest-1247,1247,3
LoadTest-1248,1248,3
LoadTest-1249,1249,3
LoadTest-1250,1250,3
LoadTest-1251,1251,3
LoadTest-1252,1252,3
LoadTest-1253,1253,3
LoadTest-1254,1254,3
LoadTest-1255,1255,3
LoadTest-1256,1256,3
LoadTest-1257,1257,3
LoadTest-1258,1258,3
LoadTest-1259,1259,3
LoadTest-1260,1260,3
LoadTest-1261,1261,3
LoadTest-1262,1262,3
LoadTest-1263,1263,3
LoadTest-1264,1264,3
LoadTest-1265,1265,3
LoadTest-1266,1266,3
LoadTest-1267,1267,3
LoadTest-1268,1268,3
LoadTest-1269,1269,3
LoadTest-1270,1270,3
LoadTest-1271,1271,3
LoadTest-1272,1272,3
LoadTest-1273,1273,3
LoadTest-1274,1274,3
LoadTest-1275,1275,3
LoadTest-1276,1276,3
LoadTest-1277,1277,3
LoadTest-1278,1278,3
LoadTest-1279,1279,3
LoadTest-1280,1280,3
LoadTest-1281,1281,3
LoadTest-1282,1282,3
LoadTest-1283,1283,3
LoadTest-1284,1284,3
LoadTest-1285,1285,3
LoadTest-1286,1286,3
LoadTest-1287,1287,3
LoadTest-1288,1288,3
LoadTest-1289,1289,3
LoadTest-1290,1290,3
LoadTest-1291,1291,3
LoadTest-1292,1292,3
LoadTest-1293,1293,3
LoadTest-1294,1294,3
LoadTest-1295,1295,3
LoadTest-1296,1296,3
LoadTest-1297,1297,3
LoadTest-1298,1298,3
LoadTest-1299,1299,3
LoadTest-1300,1300,3
LoadTest-1301,1301,3
LoadTest-1302,1302,3
LoadTest-1303,1303,3
LoadTest-1304,1304,3
LoadTest-1305,1305,3
LoadTest-1306,1306,3
LoadTest-1307,1307,3
LoadTest-1308,1308,3
LoadTest-1309,1309,3
LoadTest-1310,1310,3
LoadTest-1311,1311,3
LoadTest-1312,1312,3
LoadTest-1313,1313,3
LoadTest-1314,1314,3
LoadTest-1315,1315,3
LoadTest-1316,1316,3
LoadTest-1317,1317,3
LoadTest-1318,1318,3
LoadTest-1319,1319,3
LoadTest-1320,1320,3
LoadTest-1321,1321,3
LoadTest-1322,1322,3
LoadTest-1323,1323,3
LoadTest-1324,1324,3
LoadTest-1325,1325,3
LoadTest-1326,1326,3
LoadTest-1327,1327,3
LoadTest-1328,1328,3
LoadTest-1329,1329,3
LoadTest-1330,1330,3
LoadTest-1331,1331,3
LoadTest-1332,1332,3
LoadTest-1333,1333,3
LoadTest-1334,1334,3
LoadTest-1335,1335,3
LoadTest-1336,1336,3
LoadTest-1337,1337,3
LoadTest-1338,1338,3
LoadTest-1339,1339,3
LoadTest-1340,1340,3
LoadTest-1341,1341,3
LoadTest-1342,1342,3
LoadTest-1343,1343,3
LoadTest-1344,1344,3
LoadTest-1345,1345,3
LoadTest-1346,1346,3
LoadTest-1347,1347,3
LoadTest-1348,1348,3
LoadTest-1349,1349,3
LoadTest-1350,1350,3
LoadTest-1351,1351,3
LoadTest-1352,1352,3
LoadTest-1353,1353,3
LoadTest-1354,1354,3
LoadTest-1355,1355,3
LoadTest-1356,1356,3
LoadTest-1357,1357,3
LoadTest-1358,1358,3
LoadTest-1359,1359,3
LoadTest-1360,1360,3
LoadTest-1361,1361,3
LoadTest-1362,1362,3
LoadTest-1363,1363,3
LoadTest-1364,1364,3
LoadTest-1365,1365,3
LoadTest-1366,1366,3
LoadTest-1367,1367,3
LoadTest-1368,1368,3
LoadTest-1369,1369,3
LoadTest-1370,1370,3
LoadTest-1371,1371,3
LoadTest-1372,1372,3
LoadTest-1373,1373,3
LoadTest-1374,1374,3
LoadTest-1375,1375,3
LoadTest-1376,1376,3
LoadTest-1377,1377,3
LoadTest-1378,1378,3
LoadTest-1379,1379,3
LoadTest-1380,1380,3
LoadTest-1381,1381,3
LoadTest-1382,1382,3
LoadTest-1383,1383,3
LoadTest-1384,1384,3
LoadTest-1385,1385,3
LoadTest-1386,1386,3
LoadTest-1387,1387,3
LoadTest-1388,1388,3
LoadTest-1389,1389,3
LoadTest-1390,1390,3
LoadTest-1391,1391,3
LoadTest-1392,1392,3
LoadTest-1393,1393,3
LoadTest-1394,1394,3
LoadTest-1395,1395,3
LoadTest-1396,1396,3
LoadTest-1397,1397,3
LoadTest-1398,1398,3
LoadTest-1399,1399,3
LoadTest-1400,1400,3
LoadTest-1401,1401,3
LoadTest-1402,1402,3
LoadTest-1403,1403,3
LoadTest-1404,1404,3
LoadTest-1405,1405,3
LoadTest-1406,1406,3
LoadTest-1407,1407,3
LoadTest-1408,1408,3
LoadTest-1409,1409,3
LoadTest-1410,1410,3
LoadTest-1411,1411,3
LoadTest-1412,1412,3
LoadTest-1413,1413,3
LoadTest-1414,1414,3
LoadTest-1415,1415,3
LoadTest-1416,1416,3
LoadTest-1417,1417,3
LoadTest-1418,1418,3
LoadTest-1419,1419,3
LoadTest-1420,1420,3
LoadTest-1421,1421,3
LoadTest-1422,1422,3
LoadTest-1423,1423,3
LoadTest-1424,1424,3
LoadTest-1425,1425,3
LoadTest-1426,1426,3
LoadTest-1427,1427,3
LoadTest-1428,1428,3
LoadTest-1429,1429,3
LoadTest-1430,1430,3
LoadTest-1431,1431,3
LoadTest-1432,1432,3
LoadTest-1433,1433,3
LoadTest-1434,1434,3
LoadTest-1435,1435,3
LoadTest-1436,1436,3
LoadTest-1437,1437,3
LoadTest-1438,1438,3
LoadTest-1439,1439,3
LoadTest-1440,1440,3
LoadTest-1441,1441,3
LoadTest-1442,1442,3
LoadTest-1443,1443,3
LoadTest-1444,1444,3
LoadTest-1445,1445,3
LoadTest-1446,1446,3
LoadTest-1447,1447,3
LoadTest-1448,1448,3
LoadTest-1449,1449,3
LoadTest-1450,1450,3
LoadTest-1451,1451,3
LoadTest-1452,1452,3
LoadTest-1453,1453,3
LoadTest-1454,1454,3
LoadTest-1455,1455,3
LoadTest-1456,1456,3
LoadTest-1457,1457,3
LoadTest-1458,1458,3
LoadTest-1459,1459,3
LoadTest-1460,1460,3
LoadTest-1461,1461,3
LoadTest-1462,1462,3
LoadTest-1463,1463,3
LoadTest-1464,1464,3
LoadTest-1465,1465,3
LoadTest-1466,1466,3
LoadTest-1467,1467,3
LoadTest-1468,1468,3
LoadTest-1469,1469,3
LoadTest-1470,1470,3
LoadTest-1471,1471,3
LoadTest-1472,1472,3
LoadTest-1473,1473,3
LoadTest-1474,1474,3
LoadTest-1475,1475,3
LoadTest-1476,1476,3
LoadTest-1477,1477,3
LoadTest-1478,1478,3
LoadTest-1479,1479,3
LoadTest-1480,1480,3
LoadTest-1481,1481,3
LoadTest-1482,1482,3
LoadTest-1483,1483,3
LoadTest-1484,1484,3
LoadTest-1485,1485,3
LoadTest-1486,1486,3
LoadTest-1487,1487,3
LoadTest-1488,1488,3
LoadTest-1489,1489,3
LoadTest-1490,1490,3
LoadTest-1491,1491,3
LoadTest-1492,1492,3
LoadTest-1493,1493,3
LoadTest-1494,1494,3
LoadTest-1495,1495,3
LoadTest-1496,1496,3
LoadTest-1497,1497,3
LoadTest-1498,1498,3
LoadTest-1499,1499,3
LoadTest-1500,1500,3
LoadTest-1501,1501,3
LoadTest-1502,1502,3
LoadTest-1503,1503,3
LoadTest-1504,1504,3
LoadTest-1505,1505,3
LoadTest-1506,1506,3
LoadTest-1507,1507,3
LoadTest-1508,1508,3
LoadTest-1509,1509,3
LoadTest-1510,1510,3
LoadTest-1511,1511,3
LoadTest-1512,1512,3
LoadTest-1513,1513,3
LoadTest-1514,1514,3
LoadTest-1515,1515,3
LoadTest-1516,1516,3
LoadTest-1517,1517,3
LoadTest-1518,1518,3
LoadTest-1519,1519,3
LoadTest-1520,1520,3
LoadTest-1521,1521,3
LoadTest-1522,1522,3
LoadTest-1523,1523,3
LoadTest-1524,1524,3
LoadTest-1525,1525,3
LoadTest-1526,1526,3
LoadTest-1527,1527,3
LoadTest-1528,1528,3
LoadTest-1529,1529,3
LoadTest-1530,1530,3
LoadTest-1531,1531,3
LoadTest-1532,1532,3
LoadTest-1533,1533,3
LoadTest-1534,1534,3
LoadTest-1535,1535,3
LoadTest-1536,1536,3
LoadTest-1537,1537,3
LoadTest-1538,1538,3
LoadTest-1539,1539,3
LoadTest-1540,1540,3
LoadTest-1541,1541,3
LoadTest-1542,1542,3
LoadTest-1543,1543,3
LoadTest-1544,1544,3
LoadTest-1545,1545,3
LoadTest-1546,1546,3
LoadTest-1547,1547,3
LoadTest-1548,1548,3
LoadTest-1549,1549,3
LoadTest-1550,1550,3
LoadTest-1551,1551,3
LoadTest-1552,1552,3
LoadTest-1553,1553,3
LoadTest-1554,1554,3
LoadTest-1555,1555,3
LoadTest-1556,1556,3
LoadTest-1557,1557,3
LoadTest-1558,1558,3
LoadTest-1559,1559,3
LoadTest-1560,1560,3
LoadTest-1561,1561,3
LoadTest-1562,1562,3
LoadTest-1563,1563,3
LoadTest-1564,1564,3
LoadTest-1565,1565,3
LoadTest-1566,1566,3
LoadTest-1567,1567,3
LoadTest-1568,1568,3
LoadTest-1569,1569,3
LoadTest-1570,1570,3
LoadTest-1571,1571,3
LoadTest-1572,1572,3
LoadTest-1573,1573,3
LoadTest-1574,1574,3
LoadTest-1575,1575,3
LoadTest-1576,1576,3
LoadTest-1577,1577,3
LoadTest-1578,1578,3
LoadTest-1579,1579,3
LoadTest-1580,1580,3
LoadTest-1581,1581,3
LoadTest-1582,1582,3
LoadTest-1583,1583,3
LoadTest-1584,1584,3
LoadTest-1585,1585,3
LoadTest-1586,1586,3
LoadTest-1587,1587,3
LoadTest-1588,1588,3
LoadTest-1589,1589,3
LoadTest-1590,1590,3
LoadTest-1591,1591,3
LoadTest-1592,1592,3
LoadTest-1593,1593,3
LoadTest-1594,1594,3
LoadTest-1595,1595,3
LoadTest-1596,1596,3
LoadTest-1597,1597,3
LoadTest-1598,1598,3
LoadTest-1599,1599,3
LoadTest-1600,1600,3
LoadTest-1601,1601,3
LoadTest-1602,1602,3
LoadTest-1603,1603,3
LoadTest-1604,1604,3
LoadTest-1605,1605,3
LoadTest-1606,1606,3
LoadTest-1607,1607,3
LoadTest-1608,1608,3
LoadTest-1609,1609,3
LoadTest-1610,1610,3
LoadTest-1611,1611,3
LoadTest-1612,1612,3
LoadTest-1613,1613,3
LoadTest-1614,1614,3
LoadTest-1615,1615,3
LoadTest-1616,1616,3
LoadTest-1617,1617,3
LoadTest-1618,1618,3
LoadTest-1619,1619,3
LoadTest-1620,1620,3
LoadTest-1621,1621,3
LoadTest-1622,1622,3
LoadTest-1623,1623,3
LoadTest-1624,1624,3
LoadTest-1625,1625,3
LoadTest-1626,1626,3
LoadTest-1627,1627,3
LoadTest-1628,1628,3
LoadTest-1629,1629,3
LoadTest-1630,1630,3
LoadTest-1631,1631,3
LoadTest-1632,1632,3
LoadTest-1633,1633,3
LoadTest-1634,1634,3
LoadTest-1635,1635,3
LoadTest-1636,1636,3
LoadTest-1637,1637,3
LoadTest-1638,1638,3
LoadTest-1639,1639,3
LoadTest-1640,1640,3
LoadTest-1641,1641,3
LoadTest-1642,1642,3
LoadTest-1643,1643,3
LoadTest-1644,1644,3
LoadTest-1645,1645,3
LoadTest-1646,1646,3
LoadTest-1647,1647,3
LoadTest-1648,1648,3
LoadTest-1649,1649,3
LoadTest-1650,1650,3
LoadTest-1651,1651,3
LoadTest-1652,1652,3
LoadTest-1653,1653,3
LoadTest-1654,1654,3
LoadTest-1655,1655,3
LoadTest-1656,1656,3
LoadTest-1657,1657,3
LoadTest-1658,1658,3
LoadTest-1659,1659,3
LoadTest-1660,1660,3
LoadTest-1661,1661,3
LoadTest-1662,1662,3
LoadTest-1663,1663,3
LoadTest-1664,1664,3
LoadTest-1665,1665,3
LoadTest-1666,1666,3
LoadTest-1667,1667,3
LoadTest-1668,1668,3
LoadTest-1669,1669,3
LoadTest-1670,1670,3
LoadTest-1671,1671,3
LoadTest-1672,1672,3
LoadTest-1673,1673,3
LoadTest-1674,1674,3
LoadTest-1675,1675,3
LoadTest-1676,1676,3
LoadTest-1677,1677,3
LoadTest-1678,1678,3
LoadTest-1679,1679,3
LoadTest-1680,1680,3
LoadTest-1681,1681,3
LoadTest-1682,1682,3
LoadTest-1683,1683,3
LoadTest-1684,1684,3
LoadTest-1685,1685,3
LoadTest-1686,1686,3
LoadTest-1687,1687,3
LoadTest-1688,1688,3
LoadTest-1689,1689,3
LoadTest-1690,1690,3
LoadTest-1691,1691,3
LoadTest-1692,1692,3
LoadTest-1693,1693,3
LoadTest-1694,1694,3
LoadTest-1695,1695,3
LoadTest-1696,1696,3
LoadTest-1697,1697,3
LoadTest-1698,1698,3
LoadTest-1699,1699,3
LoadTest-1700,1700,3
LoadTest-1701,1701,3
LoadTest-1702,1702,3
LoadTest-1703,1703,3
LoadTest-1704,1704,3
LoadTest-1705,1705,3
LoadTest-1706,1706,3
LoadTest-1707,1707,3
LoadTest-1708,1708,3
LoadTest-1709,1709,3
LoadTest-1710,1710,3
LoadTest-1711,1711,3
LoadTest-1712,1712,3
LoadTest-1713,1713,3
LoadTest-1714,1714,3
LoadTest-1715,1715,3
LoadTest-1716,1716,3
LoadTest-1717,1717,3
LoadTest-1718,1718,3
LoadTest-1719,1719,3
LoadTest-1720,1720,3
LoadTest-1721,1721,3
LoadTest-1722,1722,3
LoadTest-1723,1723,3
LoadTest-1724,1724,3
LoadTest-1725,1725,3
LoadTest-1726,1726,3
LoadTest-1727,1727,3
LoadTest-1728,1728,3
LoadTest-1729,1729,3
LoadTest-1730,1730,3
LoadTest-1731,1731,3
LoadTest-1732,1732,3
LoadTest-1733,1733,3
LoadTest-1734,1734,3
LoadTest-1735,1735,3
LoadTest-1736,1736,3
LoadTest-1737,1737,3
LoadTest-1738,1738,3
LoadTest-1739,1739,3
LoadTest-1740,1740,3
LoadTest-1741,1741,3
LoadTest-1742,1742,3
LoadTest-1743,1743,3
LoadTest-1744,1744,3
LoadTest-1745,1745,3
LoadTest-1746,1746,3
LoadTest-1747,1747,3
LoadTest-1748,1748,3
LoadTest-1749,1749,3
LoadTest-1750,1750,3
LoadTest-1751,1751,3
LoadTest-1752,1752,3
LoadTest-1753,1753,3
LoadTest-1754,1754,3
LoadTest-1755,1755,3
LoadTest-1756,1756,3
LoadTest-1757,1757,3
LoadTest-1758,1758,3
LoadTest-1759,1759,3
LoadTest-1760,1760,3
LoadTest-1761,1761,3
LoadTest-1762,1762,3
LoadTest-1763,1763,3
LoadTest-1764,1764,3
LoadTest-1765,1765,3
LoadTest-1766,1766,3
LoadTest-1767,1767,3
LoadTest-1768,1768,3
LoadTest-1769,1769,3
LoadTest-1770,1770,3
LoadTest-1771,1771,3
LoadTest-1772,1772,3
LoadTest-1773,1773,3
LoadTest-1774,1774,3
LoadTest-1775,1775,3
LoadTest-1776,1776,3
LoadTest-1777,1777,3
LoadTest-1778,1778,3
LoadTest-1779,1779,3
LoadTest-1780,1780,3
LoadTest-1781,1781,3
LoadTest-1782,1782,3
LoadTest-1783,1783,3
LoadTest-1784,1784,3
LoadTest-1785,1785,3
LoadTest-1786,1786,3
LoadTest-1787,1787,3
LoadTest-1788,1788,3
LoadTest-1789,1789,3
LoadTest-1790,1790,3
LoadTest-1791,1791,3
LoadTest-1792,1792,3
LoadTest-1793,1793,3
LoadTest-1794,1794,3
LoadTest-1795,1795,3
LoadTest-1796,1796,3
LoadTest-1797,1797,3
LoadTest-1798,1798,3
LoadTest-1799,1799,3
LoadTest-1800,1800,3
LoadTest-1801,1801,3
LoadTest-1802,1802,3
LoadTest-1803,1803,3
LoadTest-1804,1804,3
LoadTest-1805,1805,3
LoadTest-1806,1806,3
LoadTest-1807,1807,3
LoadTest-1808,1808,3
LoadTest-1809,1809,3
LoadTest-1810,1810,3
LoadTest-1811,1811,3
LoadTest-1812,1812,3
LoadTest-1813,1813,3
LoadTest-1814,1814,3
LoadTest-1815,1815,3
LoadTest-1816,1816,3
LoadTest-1817,1817,3
LoadTest-1818,1818,3
LoadTest-1819,1819,3
LoadTest-1820,1820,3
LoadTest-1821,1821,3
LoadTest-1822,1822,3
LoadTest-1823,1823,3
LoadTest-1824,1824,3
LoadTest-1825,1825,3
LoadTest-1826,1826,3
LoadTest-1827,1827,3
LoadTest-1828,1828,3
LoadTest-1829,1829,3
LoadTest-1830,1830,3
LoadTest-1831,1831,3
LoadTest-1832,1832,3
LoadTest-1833,1833,3
LoadTest-1834,1834,3
LoadTest-1835,1835,3
LoadTest-1836,1836,3
LoadTest-1837,1837,3
LoadTest-1838,1838,3
LoadTest-1839,1839,3
LoadTest-1840,1840,3
LoadTest-1841,1841,3
LoadTest-1842,1842,3
LoadTest-1843,1843,3
LoadTest-1844,1844,3
LoadTest-1845,1845,3
LoadTest-1846,1846,3
LoadTest-1847,1847,3
LoadTest-1848,1848,3
LoadTest-1849,1849,3
LoadTest-1850,1850,3
LoadTest-1851,1851,3
LoadTest-1852,1852,3
LoadTest-1853,1853,3
LoadTest-1854,1854,3
LoadTest-1855,1855,3
LoadTest-1856,1856,3
LoadTest-1857,1857,3
LoadTest-1858,1858,3
LoadTest-1859,1859,3
LoadTest-1860,1860,3
LoadTest-1861,1861,3
LoadTest-1862,1862,3
LoadTest-1863,1863,3
LoadTest-1864,1864,3
LoadTest-1865,1865,3
LoadTest-1866,1866,3
LoadTest-1867,1867,3
LoadTest-1868,1868,3
LoadTest-1869,1869,3
LoadTest-1870,1870,3
LoadTest-1871,1871,3
LoadTest-1872,1872,3
LoadTest-1873,1873,3
LoadTest-1874,1874,3
LoadTest-1875,1875,3
LoadTest-1876,1876,3
LoadTest-1877,1877,3
LoadTest-1878,1878,3
LoadTest-1879,1879,3
LoadTest-1880,1880,3
LoadTest-1881,1881,3
LoadTest-1882,1882,3
LoadTest-1883,1883,3
LoadTest-1884,1884,3
LoadTest-1885,1885,3
LoadTest-1886,1886,3
LoadTest-1887,1887,3
LoadTest-1888,1888,3
LoadTest-1889,1889,3
LoadTest-1890,1890,3
LoadTest-1891,1891,3
LoadTest-1892,1892,3
LoadTest-1893,1893,3
LoadTest-1894,1894,3
LoadTest-1895,1895,3
LoadTest-1896,1896,3
LoadTest-1897,1897,3
LoadTest-1898,1898,3
LoadTest-1899,1899,3
LoadTest-1900,1900,3
LoadTest-1901,1901,3
LoadTest-1902,1902,3
LoadTest-1903,1903,3
LoadTest-1904,1904,3
LoadTest-1905,1905,3
LoadTest-1906,1906,3
LoadTest-1907,1907,3
LoadTest-1908,1908,3
LoadTest-1909,1909,3
LoadTest-1910,1910,3
LoadTest-1911,1911,3
LoadTest-1912,1912,3
LoadTest-1913,1913,3
LoadTest-1914,1914,3
LoadTest-1915,1915,3
LoadTest-1916,1916,3
LoadTest-1917,1917,3
LoadTest-1918,1918,3
LoadTest-1919,1919,3
LoadTest-1920,1920,3
LoadTest-1921,1921,3
LoadTest-1922,1922,3
LoadTest-1923,1923,3
LoadTest-1924,1924,3
LoadTest-1925,1925,3
LoadTest-1926,1926,3
LoadTest-1927,1927,3
LoadTest-1928,1928,3
LoadTest-1929,1929,3
LoadTest-1930,1930,3
LoadTest-1931,1931,3
LoadTest-1932,1932,3
LoadTest-1933,1933,3
LoadTest-1934,1934,3
LoadTest-1935,1935,3
LoadTest-1936,1936,3
LoadTest-1937,1937,3
LoadTest-1938,1938,3
LoadTest-1939,1939,3
LoadTest-1940,1940,3
LoadTest-1941,1941,3
LoadTest-1942,1942,3
LoadTest-1943,1943,3
LoadTest-1944,1944,3
LoadTest-1945,1945,3
LoadTest-1946,1946,3
LoadTest-1947,1947,3
LoadTest-1948,1948,3
LoadTest-1949,1949,3
LoadTest-1950,1950,3
LoadTest-1951,1951,3
LoadTest-1952,1952,3
LoadTest-1953,1953,3
LoadTest-1954,1954,3
LoadTest-1955,1955,3
LoadTest-1956,1956,3
LoadTest-1957,1957,3
LoadTest-1958,1958,3
LoadTest-1959,1959,3
LoadTest-1960,1960,3
LoadTest-1961,1961,3
LoadTest-1962,1962,3
LoadTest-1963,1963,3
LoadTest-1964,1964,3
LoadTest-1965,1965,3
LoadTest-1966,1966,3
LoadTest-1967,1967,3
LoadTest-1968,1968,3
LoadTest-1969,1969,3
LoadTest-1970,1970,3
LoadTest-1971,1971,3
LoadTest-1972,1972,3
LoadTest-1973,1973,3
LoadTest-1974,1974,3
LoadTest-1975,1975,3
LoadTest-1976,1976,3
LoadTest-1977,1977,3
LoadTest-1978,1978,3
LoadTest-1979,1979,3
LoadTest-1980,1980,3
LoadTest-1981,1981,3
LoadTest-1982,1982,3
LoadTest-1983,1983,3
LoadTest-1984,1984,3
LoadTest-1985,1985,3
LoadTest-1986,1986,3
LoadTest-1987,1987,3
LoadTest-1988,1988,3
LoadTest-1989,1989,3
LoadTest-1990,1990,3
LoadTest-1991,1991,3
LoadTest-1992,1992,3
LoadTest-1993,1993,3
LoadTest-1994,1994,3
LoadTest-1995,1995,3
LoadTest-1996,1996,3
LoadTest-1997,1997,3
LoadTest-1998,1998,3
LoadTest-1999,1999,3
LoadTest-2000,2000,3
LoadTest-2001,2001,3
LoadTest-2002,2002,3
LoadTest-2003,2003,3
LoadTest-2004,2004,3
LoadTest-2005,2005,3
LoadTest-2006,2006,3
LoadTest-2007,2007,3
LoadTest-2008,2008,3
LoadTest-2009,2009,3
LoadTest-2010,2010,3
LoadTest-2011,2011,3
LoadTest-2012,2012,3
LoadTest-2013,2013,3
LoadTest-2014,2014,3
LoadTest-2015,2015,3
LoadTest-2016,2016,3
LoadTest-2017,2017,3
LoadTest-2018,2018,3
LoadTest-2019,2019,3
LoadTest-2020,2020,3
LoadTest-2021,2021,3
LoadTest-2022,2022,3
LoadTest-2023,2023,3
LoadTest-2024,2024,3
LoadTest-2025,2025,3
LoadTest-2026,2026,3
LoadTest-2027,2027,3
LoadTest-2028,2028,3
LoadTest-2029,2029,3
LoadTest-2030,2030,3
LoadTest-2031,2031,3
LoadTest-2032,2032,3
LoadTest-2033,2033,3
LoadTest-2034,2034,3
LoadTest-2035,2035,3
LoadTest-2036,2036,3
LoadTest-2037,2037,3
LoadTest-2038,2038,3
LoadTest-2039,2039,3
LoadTest-2040,2040,3
LoadTest-2041,2041,3
LoadTest-2042,2042,3
LoadTest-2043,2043,3
LoadTest-2044,2044,3
LoadTest-2045,2045,3
LoadTest-2046,2046,3
LoadTest-2047,2047,3
LoadTest-2048,2048,3
LoadTest-2049,2049,3
LoadTest-2050,2050,3
LoadTest-2051,2051,3
LoadTest-2052,2052,3
LoadTest-2053,2053,3
LoadTest-2054,2054,3
LoadTest-2055,2055,3
LoadTest-2056,2056,3
LoadTest-2057,2057,3
LoadTest-2058,2058,3
LoadTest-2059,2059,3
LoadTest-2060,2060,3
LoadTest-2061,2061,3
LoadTest-2062,2062,3
LoadTest-2063,2063,3
LoadTest-2064,2064,3
LoadTest-2065,2065,3
LoadTest-2066,2066,3
LoadTest-2067,2067,3
LoadTest-2068,2068,3
LoadTest-2069,2069,3
LoadTest-2070,2070,3
LoadTest-2071,2071,3
LoadTest-2072,2072,3
LoadTest-2073,2073,3
LoadTest-2074,2074,3
LoadTest-2075,2075,3
LoadTest-2076,2076,3
LoadTest-2077,2077,3
LoadTest-2078,2078,3
LoadTest-2079,2079,3
LoadTest-2080,2080,3
LoadTest-2081,2081,3
LoadTest-2082,2082,3
LoadTest-2083,2083,3
LoadTest-2084,2084,3
LoadTest-2085,2085,3
LoadTest-2086,2086,3
LoadTest-2087,2087,3
LoadTest-2088,2088,3
LoadTest-2089,2089,3
LoadTest-2090,2090,3
LoadTest-2091,2091,3
LoadTest-2092,2092,3
LoadTest-2093,2093,3
LoadTest-2094,2094,3
LoadTest-2095,2095,3
LoadTest-2096,2096,3
LoadTest-2097,2097,3
LoadTest-2098,2098,3
LoadTest-2099,2099,3
LoadTest-2100,2100,3
LoadTest-2101,2101,3
LoadTest-2102,2102,3
LoadTest-2103,2103,3
LoadTest-2104,2104,3
LoadTest-2105,2105,3
LoadTest-2106,2106,3
LoadTest-2107,2107,3
LoadTest-2108,2108,3
LoadTest-2109,2109,3
LoadTest-2110,2110,3
LoadTest-2111,2111,3
LoadTest-2112,2112,3
LoadTest-2113,2113,3
LoadTest-2114,2114,3
LoadTest-2115,2115,3
LoadTest-2116,2116,3
LoadTest-2117,2117,3
LoadTest-2118,2118,3
LoadTest-2119,2119,3
LoadTest-2120,2120,3
LoadTest-2121,2121,3
LoadTest-2122,2122,3
LoadTest-2123,2123,3
LoadTest-2124,2124,3
LoadTest-2125,2125,3
LoadTest-2126,2126,3
LoadTest-2127,2127,3
LoadTest-2128,2128,3
LoadTest-2129,2129,3
LoadTest-2130,2130,3
LoadTest-2131,2131,3
LoadTest-2132,2132,3
LoadTest-2133,2133,3
LoadTest-2134,2134,3
LoadTest-2135,2135,3
LoadTest-2136,2136,3
LoadTest-2137,2137,3
LoadTest-2138,2138,3
LoadTest-2139,2139,3
LoadTest-2140,2140,3
LoadTest-2141,2141,3
LoadTest-2142,2142,3
LoadTest-2143,2143,3
LoadTest-2144,2144,3
LoadTest-2145,2145,3
LoadTest-2146,2146,3
LoadTest-2147,2147,3
LoadTest-2148,2148,3
LoadTest-2149,2149,3
LoadTest-2150,2150,3
LoadTest-2151,2151,3
LoadTest-2152,2152,3
LoadTest-2153,2153,3
LoadTest-2154,2154,3
LoadTest-2155,2155,3
LoadTest-2156,2156,3
LoadTest-2157,2157,3
LoadTest-2158,2158,3
LoadTest-2159,2159,3
LoadTest-2160,2160,3
LoadTest-2161,2161,3
LoadTest-2162,2162,3
LoadTest-2163,2163,3
LoadTest-2164,2164,3
LoadTest-2165,2165,3
LoadTest-2166,2166,3
LoadTest-2167,2167,3
LoadTest-2168,2168,3
LoadTest-2169,2169,3
LoadTest-2170,2170,3
LoadTest-2171,2171,3
LoadTest-2172,2172,3
LoadTest-2173,2173,3
LoadTest-2174,2174,3
LoadTest-2175,2175,3
LoadTest-2176,2176,3
LoadTest-2177,2177,3
LoadTest-2178,2178,3
LoadTest-2179,2179,3
LoadTest-2180,2180,3
LoadTest-2181,2181,3
LoadTest-2182,2182,3
LoadTest-2183,2183,3
LoadTest-2184,2184,3
LoadTest-2185,2185,3
LoadTest-2186,2186,3
LoadTest-2187,2187,3
LoadTest-2188,2188,3
LoadTest-2189,2189,3
LoadTest-2190,2190,3
LoadTest-2191,2191,3
LoadTest-2192,2192,3
LoadTest-2193,2193,3
LoadTest-2194,2194,3
LoadTest-2195,2195,3
LoadTest-2196,2196,3
LoadTest-2197,2197,3
LoadTest-2198,2198,3
LoadTest-2199,2199,3
LoadTest-2200,2200,3
LoadTest-2201,2201,3
LoadTest-2202,2202,3
LoadTest-2203,2203,3
LoadTest-2204,2204,3
LoadTest-2205,2205,3
LoadTest-2206,2206,3
LoadTest-2207,2207,3
LoadTest-2208,2208,3
LoadTest-2209,2209,3
LoadTest-2210,2210,3
LoadTest-2211,2211,3
LoadTest-2212,2212,3
LoadTest-2213,2213,3
LoadTest-2214,2214,3
LoadTest-2215,2215,3
LoadTest-2216,2216,3
LoadTest-2217,2217,3
LoadTest-2218,2218,3
LoadTest-2219,2219,3
LoadTest-2220,2220,3
LoadTest-2221,2221,3
LoadTest-2222,2222,3
LoadTest-2223,2223,3
LoadTest-2224,2224,3
LoadTest-2225,2225,3
LoadTest-2226,2226,3
LoadTest-2227,2227,3
LoadTest-2228,2228,3
LoadTest-2229,2229,3
LoadTest-2230,2230,3
LoadTest-2231,2231,3
LoadTest-2232,2232,3
LoadTest-2233,2233,3
LoadTest-2234,2234,3
LoadTest-2235,2235,3
LoadTest-2236,2236,3
LoadTest-2237,2237,3
LoadTest-2238,2238,3
LoadTest-2239,2239,3
LoadTest-2240,2240,3
LoadTest-2241,2241,3
LoadTest-2242,2242,3
LoadTest-2243,2243,3
LoadTest-2244,2244,3
LoadTest-2245,2245,3
LoadTest-2246,2246,3
LoadTest-2247,2247,3
LoadTest-2248,2248,3
LoadTest-2249,2249,3
LoadTest-2250,2250,3
LoadTest-2251,2251,3
LoadTest-2252,2252,3
LoadTest-2253,2253,3
LoadTest-2254,2254,3
LoadTest-2255,2255,3
LoadTest-2256,2256,3
LoadTest-2257,2257,3
LoadTest-2258,2258,3
LoadTest-2259,2259,3
LoadTest-2260,2260,3
LoadTest-2261,2261,3
LoadTest-2262,2262,3
LoadTest-2263,2263,3
LoadTest-2264,2264,3
LoadTest-2265,2265,3
LoadTest-2266,2266,3
LoadTest-2267,2267,3
LoadTest-2268,2268,3
LoadTest-2269,2269,3
LoadTest-2270,2270,3
LoadTest-2271,2271,3
LoadTest-2272,2272,3
LoadTest-2273,2273,3
LoadTest-2274,2274,3
LoadTest-2275,2275,3
LoadTest-2276,2276,3
LoadTest-2277,2277,3
LoadTest-2278,2278,3
LoadTest-2279,2279,3
LoadTest-2280,2280,3
LoadTest-2281,2281,3
LoadTest-2282,2282,3
LoadTest-2283,2283,3
LoadTest-2284,2284,3
LoadTest-2285,2285,3
LoadTest-2286,2286,3
LoadTest-2287,2287,3
LoadTest-2288,2288,3
LoadTest-2289,2289,3
LoadTest-2290,2290,3
LoadTest-2291,2291,3
LoadTest-2292,2292,3
LoadTest-2293,2293,3
LoadTest-2294,2294,3
LoadTest-2295,2295,3
LoadTest-2296,2296,3
LoadTest-2297,2297,3
LoadTest-2298,2298,3
LoadTest-2299,2299,3
LoadTest-2300,2300,3
LoadTest-2301,2301,3
LoadTest-2302,2302,3
LoadTest-2303,2303,3
LoadTest-2304,2304,3
LoadTest-2305,2305,3
LoadTest-2306,2306,3
LoadTest-2307,2307,3
LoadTest-2308,2308,3
LoadTest-2309,2309,3
LoadTest-2310,2310,3
LoadTest-2311,2311,3
LoadTest-2312,2312,3
LoadTest-2313,2313,3
LoadTest-2314,2314,3
LoadTest-2315,2315,3
LoadTest-2316,2316,3
LoadTest-2317,2317,3
LoadTest-2318,2318,3
LoadTest-2319,2319,3
LoadTest-2320,2320,3
LoadTest-2321,2321,3
LoadTest-2322,2322,3
LoadTest-2323,2323,3
LoadTest-2324,2324,3
LoadTest-2325,2325,3
LoadTest-2326,2326,3
LoadTest-2327,2327,3
LoadTest-2328,2328,3
LoadTest-2329,2329,3
LoadTest-2330,2330,3
LoadTest-2331,2331,3
LoadTest-2332,2332,3
LoadTest-2333,2333,3
LoadTest-2334,2334,3
LoadTest-2335,2335,3
LoadTest-2336,2336,3
LoadTest-2337,2337,3
LoadTest-2338,2338,3
LoadTest-2339,2339,3
LoadTest-2340,2340,3
LoadTest-2341,2341,3
LoadTest-2342,2342,3
LoadTest-2343,2343,3
LoadTest-2344,2344,3
LoadTest-2345,2345,3
LoadTest-2346,2346,3
LoadTest-2347,2347,3
LoadTest-2348,2348,3
LoadTest-2349,2349,3
LoadTest-2350,2350,3
LoadTest-2351,2351,3
LoadTest-2352,2352,3
LoadTest-2353,2353,3
LoadTest-2354,2354,3
LoadTest-2355,2355,3
LoadTest-2356,2356,3
LoadTest-2357,2357,3
LoadTest-2358,2358,3
LoadTest-2359,2359,3
LoadTest-2360,2360,3
LoadTest-2361,2361,3
LoadTest-2362,2362,3
LoadTest-2363,2363,3
LoadTest-2364,2364,3
LoadTest-2365,2365,3
LoadTest-2366,2366,3
LoadTest-2367,2367,3
LoadTest-2368,2368,3
LoadTest-2369,2369,3
LoadTest-2370,2370,3
LoadTest-2371,2371,3
LoadTest-2372,2372,3
LoadTest-2373,2373,3
LoadTest-2374,2374,3
LoadTest-2375,2375,3
LoadTest-2376,2376,3
LoadTest-2377,2377,3
LoadTest-2378,2378,3
LoadTest-2379,2379,3
LoadTest-2380,2380,3
LoadTest-2381,2381,3
LoadTest-2382,2382,3
LoadTest-2383,2383,3
LoadTest-2384,2384,3
LoadTest-2385,2385,3
LoadTest-2386,2386,3
LoadTest-2387,2387,3
LoadTest-2388,2388,3
LoadTest-2389,2389,3
LoadTest-2390,2390,3
LoadTest-2391,2391,3
LoadTest-2392,2392,3
LoadTest-2393,2393,3
LoadTest-2394,2394,3
LoadTest-2395,2395,3
LoadTest-2396,2396,3
LoadTest-2397,2397,3
LoadTest-2398,2398,3
LoadTest-2399,2399,3
LoadTest-2400,2400,3
LoadTest-2401,2401,3
LoadTest-2402,2402,3
LoadTest-2403,2403,3
LoadTest-2404,2404,3
LoadTest-2405,2405,3
LoadTest-2406,2406,3
LoadTest-2407,2407,3
LoadTest-2408,2408,3
LoadTest-2409,2409,3
LoadTest-2410,2410,3
LoadTest-2411,2411,3
LoadTest-2412,2412,3
LoadTest-2413,2413,3
LoadTest-2414,2414,3
LoadTest-2415,2415,3
LoadTest-2416,2416,3
LoadTest-2417,2417,3
LoadTest-2418,2418,3
LoadTest-2419,2419,3
LoadTest-2420,2420,3
LoadTest-2421,2421,3
LoadTest-2422,2422,3
LoadTest-2423,2423,3
LoadTest-2424,2424,3
LoadTest-2425,2425,3
LoadTest-2426,2426,3
LoadTest-2427,2427,3
LoadTest-2428,2428,3
LoadTest-2429,2429,3
LoadTest-2430,2430,3
LoadTest-2431,2431,3
LoadTest-2432,2432,3
LoadTest-2433,2433,3
LoadTest-2434,2434,3
LoadTest-2435,2435,3
LoadTest-2436,2436,3
LoadTest-2437,2437,3
LoadTest-2438,2438,3
LoadTest-2439,2439,3
LoadTest-2440,2440,3
LoadTest-2441,2441,3
LoadTest-2442,2442,3
LoadTest-2443,2443,3
LoadTest-2444,2444,3
LoadTest-2445,2445,3
LoadTest-2446,2446,3
LoadTest-2447,2447,3
LoadTest-2448,2448,3
LoadTest-2449,2449,3
LoadTest-2450,2450,3
LoadTest-2451,2451,3
LoadTest-2452,2452,3
LoadTest-2453,2453,3
LoadTest-2454,2454,3
LoadTest-2455,2455,3
LoadTest-2456,2456,3
LoadTest-2457,2457,3
LoadTest-2458,2458,3
LoadTest-2459,2459,3
LoadTest-2460,2460,3
LoadTest-2461,2461,3
LoadTest-2462,2462,3
LoadTest-2463,2463,3
LoadTest-2464,2464,3
LoadTest-2465,2465,3
LoadTest-2466,2466,3
LoadTest-2467,2467,3
LoadTest-2468,2468,3
LoadTest-2469,2469,3
LoadTest-2470,2470,3
LoadTest-2471,2471,3
LoadTest-2472,2472,3
LoadTest-2473,2473,3
LoadTest-2474,2474,3
LoadTest-2475,2475,3
LoadTest-2476,2476,3
LoadTest-2477,2477,3
LoadTest-2478,2478,3
LoadTest-2479,2479,3
LoadTest-2480,2480,3
LoadTest-2481,2481,3
LoadTest-2482,2482,3
LoadTest-2483,2483,3
LoadTest-2484,2484,3
LoadTest-2485,2485,3
LoadTest-2486,2486,3
LoadTest-2487,2487,3
LoadTest-2488,2488,3
LoadTest-2489,2489,3
LoadTest-2490,2490,3
LoadTest-2491,2491,3
LoadTest-2492,2492,3
LoadTest-2493,2493,3
LoadTest-2494,2494,3
LoadTest-2495,2495,3
LoadTest-2496,2496,3
LoadTest-2497,2497,3
LoadTest-2498,2498,3
LoadTest-2499,2499,3
LoadTest-2500,2500,3
LoadTest-2501,2501,3
LoadTest-2502,2502,3
LoadTest-2503,2503,3
LoadTest-2504,2504,3
LoadTest-2505,2505,3
LoadTest-2506,2506,3
LoadTest-2507,2507,3
LoadTest-2508,2508,3
LoadTest-2509,2509,3
LoadTest-2510,2510,3
LoadTest-2511,2511,3
LoadTest-2512,2512,3
LoadTest-2513,2513,3
LoadTest-2514,2514,3
LoadTest-2515,2515,3
LoadTest-2516,2516,3
LoadTest-2517,2517,3
LoadTest-2518,2518,3
LoadTest-2519,2519,3
LoadTest-2520,2520,3
LoadTest-2521,2521,3
LoadTest-2522,2522,3
LoadTest-2523,2523,3
LoadTest-2524,2524,3
LoadTest-2525,2525,3
LoadTest-2526,2526,3
LoadTest-2527,2527,3
LoadTest-2528,2528,3
LoadTest-2529,2529,3
LoadTest-2530,2530,3
LoadTest-2531,2531,3
LoadTest-2532,2532,3
LoadTest-2533,2533,3
LoadTest-2534,2534,3
LoadTest-2535,2535,3
LoadTest-2536,2536,3
LoadTest-2537,2537,3
LoadTest-2538,2538,3
LoadTest-2539,2539,3
LoadTest-2540,2540,3
LoadTest-2541,2541,3
LoadTest-2542,2542,3
LoadTest-2543,2543,3
LoadTest-2544,2544,3
LoadTest-2545,2545,3
LoadTest-2546,2546,3
LoadTest-2547,2547,3
LoadTest-2548,2548,3
LoadTest-2549,2549,3
LoadTest-2550,2550,3
LoadTest-2551,2551,3
LoadTest-2552,2552,3
LoadTest-2553,2553,3
LoadTest-2554,2554,3
LoadTest-2555,2555,3
LoadTest-2556,2556,3
LoadTest-2557,2557,3
LoadTest-2558,2558,3
LoadTest-2559,2559,3
LoadTest-2560,2560,3
LoadTest-2561,2561,3
LoadTest-2562,2562,3
LoadTest-2563,2563,3
LoadTest-2564,2564,3
LoadTest-2565,2565,3
LoadTest-2566,2566,3
LoadTest-2567,2567,3
LoadTest-2568,2568,3
LoadTest-2569,2569,3
LoadTest-2570,2570,3
LoadTest-2571,2571,3
LoadTest-2572,2572,3
LoadTest-2573,2573,3
LoadTest-2574,2574,3
LoadTest-2575,2575,3
LoadTest-2576,2576,3
LoadTest-2577,2577,3
LoadTest-2578,2578,3
LoadTest-2579,2579,3
LoadTest-2580,2580,3
LoadTest-2581,2581,3
LoadTest-2582,2582,3
LoadTest-2583,2583,3
LoadTest-2584,2584,3
LoadTest-2585,2585,3
LoadTest-2586,2586,3
LoadTest-2587,2587,3
LoadTest-2588,2588,3
LoadTest-2589,2589,3
LoadTest-2590,2590,3
LoadTest-2591,2591,3
LoadTest-2592,2592,3
LoadTest-2593,2593,3
LoadTest-2594,2594,3
LoadTest-2595,2595,3
LoadTest-2596,2596,3
LoadTest-2597,2597,3
LoadTest-2598,2598,3
LoadTest-2599,2599,3
LoadTest-2600,2600,3
LoadTest-2601,2601,3
LoadTest-2602,2602,3
LoadTest-2603,2603,3
LoadTest-2604,2604,3
LoadTest-2605,2605,3
LoadTest-2606,2606,3
LoadTest-2607,2607,3
LoadTest-2608,2608,3
LoadTest-2609,2609,3
LoadTest-2610,2610,3
LoadTest-2611,2611,3
LoadTest-2612,2612,3
LoadTest-2613,2613,3
LoadTest-2614,2614,3
LoadTest-2615,2615,3
LoadTest-2616,2616,3
LoadTest-2617,2617,3
LoadTest-2618,2618,3
LoadTest-2619,2619,3
LoadTest-2620,2620,3
LoadTest-2621,2621,3
LoadTest-2622,2622,3
LoadTest-2623,2623,3
LoadTest-2624,2624,3
LoadTest-2625,2625,3
LoadTest-2626,2626,3
LoadTest-2627,2627,3
LoadTest-2628,2628,3
LoadTest-2629,2629,3
LoadTest-2630,2630,3
LoadTest-2631,2631,3
LoadTest-2632,2632,3
LoadTest-2633,2633,3
LoadTest-2634,2634,3
LoadTest-2635,2635,3
LoadTest-2636,2636,3
LoadTest-2637,2637,3
LoadTest-2638,2638,3
LoadTest-2639,2639,3
LoadTest-2640,2640,3
LoadTest-2641,2641,3
LoadTest-2642,2642,3
LoadTest-2643,2643,3
LoadTest-2644,2644,3
LoadTest-2645,2645,3
LoadTest-2646,2646,3
LoadTest-2647,2647,3
LoadTest-2648,2648,3
LoadTest-2649,2649,3
LoadTest-2650,2650,3
LoadTest-2651,2651,3
LoadTest-2652,2652,3
LoadTest-2653,2653,3
LoadTest-2654,2654,3
LoadTest-2655,2655,3
LoadTest-2656,2656,3
LoadTest-2657,2657,3
LoadTest-2658,2658,3
LoadTest-2659,2659,3
LoadTest-2660,2660,3
LoadTest-2661,2661,3
LoadTest-2662,2662,3
LoadTest-2663,2663,3
LoadTest-2664,2664,3
LoadTest-2665,2665,3
LoadTest-2666,2666,3
LoadTest-2667,2667,3
LoadTest-2668,2668,3
LoadTest-2669,2669,3
LoadTest-2670,2670,3
LoadTest-2671,2671,3
LoadTest-2672,2672,3
LoadTest-2673,2673,3
LoadTest-2674,2674,3
LoadTest-2675,2675,3
LoadTest-2676,2676,3
LoadTest-2677,2677,3
LoadTest-2678,2678,3
LoadTest-2679,2679,3
LoadTest-2680,2680,3
LoadTest-2681,2681,3
LoadTest-2682,2682,3
LoadTest-2683,2683,3
LoadTest-2684,2684,3
LoadTest-2685,2685,3
LoadTest-2686,2686,3
LoadTest-2687,2687,3
LoadTest-2688,2688,3
LoadTest-2689,2689,3
LoadTest-2690,2690,3
LoadTest-2691,2691,3
LoadTest-2692,2692,3
LoadTest-2693,2693,3
LoadTest-2694,2694,3
LoadTest-2695,2695,3
LoadTest-2696,2696,3
LoadTest-2697,2697,3
LoadTest-2698,2698,3
LoadTest-2699,2699,3
LoadTest-2700,2700,3
LoadTest-2701,2701,3
LoadTest-2702,2702,3
LoadTest-2703,2703,3
LoadTest-2704,2704,3
LoadTest-2705,2705,3
LoadTest-2706,2706,3
LoadTest-2707,2707,3
LoadTest-2708,2708,3
LoadTest-2709,2709,3
LoadTest-2710,2710,3
LoadTest-2711,2711,3
LoadTest-2712,2712,3
LoadTest-2713,2713,3
LoadTest-2714,2714,3
LoadTest-2715,2715,3
LoadTest-2716,2716,3
LoadTest-2717,2717,3
LoadTest-2718,2718,3
LoadTest-2719,2719,3
LoadTest-2720,2720,3
LoadTest-2721,2721,3
LoadTest-2722,2722,3
LoadTest-2723,2723,3
LoadTest-2724,2724,3
LoadTest-2725,2725,3
LoadTest-2726,2726,3
LoadTest-2727,2727,3
LoadTest-2728,2728,3
LoadTest-2729,2729,3
LoadTest-2730,2730,3
LoadTest-2731,2731,3
LoadTest-2732,2732,3
LoadTest-2733,2733,3
LoadTest-2734,2734,3
LoadTest-2735,2735,3
LoadTest-2736,2736,3
LoadTest-2737,2737,3
LoadTest-2738,2738,3
LoadTest-2739,2739,3
LoadTest-2740,2740,3
LoadTest-2741,2741,3
LoadTest-2742,2742,3
LoadTest-2743,2743,3
LoadTest-2744,2744,3
LoadTest-2745,2745,3
LoadTest-2746,2746,3
LoadTest-2747,2747,3
LoadTest-2748,2748,3
LoadTest-2749,2749,3
LoadTest-2750,2750,3
LoadTest-2751,2751,3
LoadTest-2752,2752,3
LoadTest-2753,2753,3
LoadTest-2754,2754,3
LoadTest-2755,2755,3
LoadTest-2756,2756,3
LoadTest-2757,2757,3
LoadTest-2758,2758,3
LoadTest-2759,2759,3
LoadTest-2760,2760,3
LoadTest-2761,2761,3
LoadTest-2762,2762,3
LoadTest-2763,2763,3
LoadTest-2764,2764,3
LoadTest-2765,2765,3
LoadTest-2766,2766,3
LoadTest-2767,2767,3
LoadTest-2768,2768,3
LoadTest-2769,2769,3
LoadTest-2770,2770,3
LoadTest-2771,2771,3
LoadTest-2772,2772,3
LoadTest-2773,2773,3
LoadTest-2774,2774,3
LoadTest-2775,2775,3
LoadTest-2776,2776,3
LoadTest-2777,2777,3
LoadTest-2778,2778,3
LoadTest-2779,2779,3
LoadTest-2780,2780,3
LoadTest-2781,2781,3
LoadTest-2782,2782,3
LoadTest-2783,2783,3
LoadTest-2784,2784,3
LoadTest-2785,2785,3
LoadTest-2786,2786,3
LoadTest-2787,2787,3
LoadTest-2788,2788,3
LoadTest-2789,2789,3
LoadTest-2790,2790,3
LoadTest-2791,2791,3
LoadTest-2792,2792,3
LoadTest-2793,2793,3
LoadTest-2794,2794,3
LoadTest-2795,2795,3
LoadTest-2796,2796,3
LoadTest-2797,2797,3
LoadTest-2798,2798,3
LoadTest-2799,2799,3
LoadTest-2800,2800,3
LoadTest-2801,2801,3
LoadTest-2802,2802,3
LoadTest-2803,2803,3
LoadTest-2804,2804,3
LoadTest-2805,2805,3
LoadTest-2806,2806,3
LoadTest-2807,2807,3
LoadTest-2808,2808,3
LoadTest-2809,2809,3
LoadTest-2810,2810,3
LoadTest-2811,2811,3
LoadTest-2812,2812,3
LoadTest-2813,2813,3
LoadTest-2814,2814,3
LoadTest-2815,2815,3
LoadTest-2816,2816,3
LoadTest-2817,2817,3
LoadTest-2818,2818,3
LoadTest-2819,2819,3
LoadTest-2820,2820,3
LoadTest-2821,2821,3
LoadTest-2822,2822,3
LoadTest-2823,2823,3
LoadTest-2824,2824,3
LoadTest-2825,2825,3
LoadTest-2826,2826,3
LoadTest-2827,2827,3
LoadTest-2828,2828,3
LoadTest-2829,2829,3
LoadTest-2830,2830,3
LoadTest-2831,2831,3
LoadTest-2832,2832,3
LoadTest-2833,2833,3
LoadTest-2834,2834,3
LoadTest-2835,2835,3
LoadTest-2836,2836,3
LoadTest-2837,2837,3
LoadTest-2838,2838,3
LoadTest-2839,2839,3
LoadTest-2840,2840,3
LoadTest-2841,2841,3
LoadTest-2842,2842,3
LoadTest-2843,2843,3
LoadTest-2844,2844,3
LoadTest-2845,2845,3
LoadTest-2846,2846,3
LoadTest-2847,2847,3
LoadTest-2848,2848,3
LoadTest-2849,2849,3
LoadTest-2850,2850,3
LoadTest-2851,2851,3
LoadTest-2852,2852,3
LoadTest-2853,2853,3
LoadTest-2854,2854,3
LoadTest-2855,2855,3
LoadTest-2856,2856,3
LoadTest-2857,2857,3
LoadTest-2858,2858,3
LoadTest-2859,2859,3
LoadTest-2860,2860,3
LoadTest-2861,2861,3
LoadTest-2862,2862,3
LoadTest-2863,2863,3
LoadTest-2864,2864,3
LoadTest-2865,2865,3
LoadTest-2866,2866,3
LoadTest-2867,2867,3
LoadTest-2868,2868,3
LoadTest-2869,2869,3
LoadTest-2870,2870,3
LoadTest-2871,2871,3
LoadTest-2872,2872,3
LoadTest-2873,2873,3
LoadTest-2874,2874,3
LoadTest-2875,2875,3
LoadTest-2876,2876,3
LoadTest-2877,2877,3
LoadTest-2878,2878,3
LoadTest-2879,2879,3
LoadTest-2880,2880,3
LoadTest-2881,2881,3
LoadTest-2882,2882,3
LoadTest-2883,2883,3
LoadTest-2884,2884,3
LoadTest-2885,2885,3
LoadTest-2886,2886,3
LoadTest-2887,2887,3
LoadTest-2888,2888,3
LoadTest-2889,2889,3
LoadTest-2890,2890,3
LoadTest-2891,2891,3
LoadTest-2892,2892,3
LoadTest-2893,2893,3
LoadTest-2894,2894,3
LoadTest-2895,2895,3
LoadTest-2896,2896,3
LoadTest-2897,2897,3
LoadTest-2898,2898,3
LoadTest-2899,2899,3
LoadTest-2900,2900,3
LoadTest-2901,2901,3
LoadTest-2902,2902,3
LoadTest-2903,2903,3
LoadTest-2904,2904,3
LoadTest-2905,2905,3
LoadTest-2906,2906,3
LoadTest-2907,2907,3
LoadTest-2908,2908,3
LoadTest-2909,2909,3
LoadTest-2910,2910,3
LoadTest-2911,2911,3
LoadTest-2912,2912,3
LoadTest-2913,2913,3
LoadTest-2914,2914,3
LoadTest-2915,2915,3
LoadTest-2916,2916,3
LoadTest-2917,2917,3
LoadTest-2918,2918,3
LoadTest-2919,2919,3
LoadTest-2920,2920,3
LoadTest-2921,2921,3
LoadTest-2922,2922,3
LoadTest-2923,2923,3
LoadTest-2924,2924,3
LoadTest-2925,2925,3
LoadTest-2926,2926,3
LoadTest-2927,2927,3
LoadTest-2928,2928,3
LoadTest-2929,2929,3
LoadTest-2930,2930,3
LoadTest-2931,2931,3
LoadTest-2932,2932,3
LoadTest-2933,2933,3
LoadTest-2934,2934,3
LoadTest-2935,2935,3
LoadTest-2936,2936,3
LoadTest-2937,2937,3
LoadTest-2938,2938,3
LoadTest-2939,2939,3
LoadTest-2940,2940,3
LoadTest-2941,2941,3
LoadTest-2942,2942,3
LoadTest-2943,2943,3
LoadTest-2944,2944,3
LoadTest-2945,2945,3
LoadTest-2946,2946,3
LoadTest-2947,2947,3
LoadTest-2948,2948,3
LoadTest-2949,2949,3
LoadTest-2950,2950,3
LoadTest-2951,2951,3
LoadTest-2952,2952,3
LoadTest-2953,2953,3
LoadTest-2954,2954,3
LoadTest-2955,2955,3
LoadTest-2956,2956,3
LoadTest-2957,2957,3
LoadTest-2958,2958,3
LoadTest-2959,2959,3
LoadTest-2960,2960,3
LoadTest-2961,2961,3
LoadTest-2962,2962,3
LoadTest-2963,2963,3
LoadTest-2964,2964,3
LoadTest-2965,2965,3
LoadTest-2966,2966,3
LoadTest-2967,2967,3
LoadTest-2968,2968,3
LoadTest-2969,2969,3
LoadTest-2970,2970,3
LoadTest-2971,2971,3
LoadTest-2972,2972,3
LoadTest-2973,2973,3
LoadTest-2974,2974,3
LoadTest-2975,2975,3
LoadTest-2976,2976,3
LoadTest-2977,2977,3
LoadTest-2978,2978,3
LoadTest-2979,2979,3
LoadTest-2980,2980,3
LoadTest-2981,2981,3
LoadTest-2982,2982,3
LoadTest-2983,2983,3
LoadTest-2984,2984,3
LoadTest-2985,2985,3
LoadTest-2986,2986,3
LoadTest-2987,2987,3
LoadTest-2988,2988,3
LoadTest-2989,2989,3
LoadTest-2990,2990,3
LoadTest-2991,2991,3
LoadTest-2992,2992,3
LoadTest-2993,2993,3
LoadTest-2994,2994,3
LoadTest-2995,2995,3
LoadTest-2996,2996,3
LoadTest-2997,2997,3
LoadTest-2998,2998,3
LoadTest-2999,2999,3
LoadTest-3000,3000,3
LoadTest-3001,3001,3
LoadTest-3002,3002,3
LoadTest-3003,3003,3
LoadTest-3004,3004,3
LoadTest-3005,3005,3
LoadTest-3006,3006,3
LoadTest-3007,3007,3
LoadTest-3008,3008,3
LoadTest-3009,3009,3
LoadTest-3010,3010,3
LoadTest-3011,3011,3
LoadTest-3012,3012,3
LoadTest-3013,3013,3
LoadTest-3014,3014,3
LoadTest-3015,3015,3
LoadTest-3016,3016,3
LoadTest-3017,3017,3
LoadTest-3018,3018,3
LoadTest-3019,3019,3
LoadTest-3020,3020,3
LoadTest-3021,3021,3
LoadTest-3022,3022,3
LoadTest-3023,3023,3
LoadTest-3024,3024,3
LoadTest-3025,3025,3
LoadTest-3026,3026,3
LoadTest-3027,3027,3
LoadTest-3028,3028,3
LoadTest-3029,3029,3
LoadTest-3030,3030,3
LoadTest-3031,3031,3
LoadTest-3032,3032,3
LoadTest-3033,3033,3
LoadTest-3034,3034,3
LoadTest-3035,3035,3
LoadTest-3036,3036,3
LoadTest-3037,3037,3
LoadTest-3038,3038,3
LoadTest-3039,3039,3
LoadTest-3040,3040,3
LoadTest-3041,3041,3
LoadTest-3042,3042,3
LoadTest-3043,3043,3
LoadTest-3044,3044,3
LoadTest-3045,3045,3
LoadTest-3046,3046,3
LoadTest-3047,3047,3
LoadTest-3048,3048,3
LoadTest-3049,3049,3
LoadTest-3050,3050,3
LoadTest-3051,3051,3
LoadTest-3052,3052,3
LoadTest-3053,3053,3
LoadTest-3054,3054,3
LoadTest-3055,3055,3
LoadTest-3056,3056,3
LoadTest-3057,3057,3
LoadTest-3058,3058,3
LoadTest-3059,3059,3
LoadTest-3060,3060,3
LoadTest-3061,3061,3
LoadTest-3062,3062,3
LoadTest-3063,3063,3
LoadTest-3064,3064,3
LoadTest-3065,3065,3
LoadTest-3066,3066,3
LoadTest-3067,3067,3
LoadTest-3068,3068,3
LoadTest-3069,3069,3
LoadTest-3070,3070,3
LoadTest-3071,3071,3
LoadTest-3072,3072,3
LoadTest-3073,3073,3
LoadTest-3074,3074,3
LoadTest-3075,3075,3
LoadTest-3076,3076,3
